number,name,address,state
1,East Cassie,17737 Mason Flat Apt. 861,Colorado
2,Stephensland,147 Garrett Fall Suite 709,Kansas
3,Vanessahaven,4366 Galvan Inlet,Michigan
4,Steventown,490 Johnson Mill,Kansas
5,Port Christina,58366 Stewart Walks,Washington
6,West Michellestad,9923 Curtis Cape,Oregon
7,South Susan,65898 Bailey Lodge,Maine
8,North Barry,44242 Michael Oval,Utah
9,North Mariatown,59451 Amy Cape Apt. 823,New York
10,North Joel,5369 Gomez Divide Suite 866,New York
11,Parsonsview,3591 Walter Trace Apt. 408,Idaho
12,Lake Amandashire,4155 Foster Village,Arizona
13,Banksport,60705 Katie Lodge Suite 565,New York
14,Williamsbury,276 Larry Walks,Maryland
15,Mccannfort,5693 Young Inlet Apt. 217,California
16,Lake Amanda,224 Destiny Walk Suite 395,Maryland
17,South Lauren,984 Robert Plaza Apt. 781,Michigan
18,Smithfort,2683 Price Mountains Apt. 104,Indiana
19,Stephenmouth,996 Julie Ramp,South Carolina
20,Rasmussenmouth,563 Destiny Isle Suite 483,New Mexico
21,East Ritabury,51130 Daniel Wall,Indiana
22,North Ryan,2500 Donald Forks,Massachusetts
23,Ramirezberg,819 Tony Vista,New Hampshire
24,Whitemouth,07135 Aguilar Lodge,Illinois
25,Lake Robertmouth,13474 Howard Harbor Suite 612,New Hampshire
26,Robinsonchester,597 Humphrey Road,West Virginia
27,New Elizabeth,1426 Misty Square,Oregon
28,Gardnerchester,7546 Garcia Mountains,California
29,South Carlosland,47131 Cunningham Mountain Apt. 885,Rhode Island
30,South Jasonfurt,408 Butler Lodge,Idaho
31,Jenniferchester,896 Cole Crescent,Oregon
32,East Tyler,852 Bond Land Suite 013,Oklahoma
33,Luisborough,6977 Johnson Flats,Hawaii
34,Nancyfurt,109 Aguilar Square,Colorado
35,Stewartberg,61494 Boyle Vista Suite 044,Maryland
36,South Amyton,2168 Carrie Station Suite 374,North Dakota
37,Port Peter,5347 Wilson Isle,Washington
38,Lake Cynthialand,45248 Roger Ford Apt. 596,Louisiana
39,Christinaton,94155 Jordan Cape Suite 525,Louisiana
40,Port Paul,32621 Duffy Alley Suite 101,Illinois
41,West Shawn,95454 Thompson Crossroad,Missouri
42,New Michaelburgh,9172 Werner Court,Alabama
43,Williamsstad,8733 Donald Island,Minnesota
44,Ericmouth,29998 Molly Islands,North Carolina
45,Mckenzieburgh,58847 Wood Extensions Apt. 202,Illinois
46,East Robert,494 Thomas Port,Mississippi
47,East Travisshire,85152 Massey Summit Suite 830,Oregon
48,Andrewsstad,8327 William Estates,North Dakota
49,New Cheryl,59918 Brian Orchard Apt. 344,Washington
50,Steelemouth,661 Taylor Course Apt. 702,Kansas
51,East Sandra,0989 Tran Ferry Suite 661,Colorado
52,Lake Lindastad,33791 Alison Throughway Suite 994,Kentucky
53,Knappfort,8658 Timothy Cliff Apt. 096,Texas
54,Port Amanda,1967 Tina Summit,Idaho
55,Tinaview,9356 Allen Heights,South Dakota
56,Rebeccaburgh,327 Daniel Mills Apt. 150,New Hampshire
57,Timothychester,285 Lori Burgs Suite 715,Massachusetts
58,West Teresaborough,01165 Tonya Greens,Nevada
59,Lake Derek,1355 Kimberly Cliff Suite 331,Maryland
60,South Edwintown,4804 Bonilla Curve Suite 870,Arkansas
61,Port Aaronton,63937 Morales Trace Suite 128,Alaska
62,Lake Alan,07573 Christensen Wall Apt. 456,New Hampshire
63,Kristaport,386 Stanley Circles,Iowa
64,Lake Lisa,948 Samuel Plains Apt. 072,South Dakota
65,Port Brettfort,403 Banks Greens Apt. 738,West Virginia
66,Port Kristopher,5067 Woods Loaf,Nebraska
67,West Robert,70152 Stewart Underpass,Connecticut
68,Debraborough,1798 Kenneth Run,Kansas
69,South Charleston,77836 Lisa Street,Delaware
70,Maryhaven,88452 Kline Shore,New Mexico
71,East Suzanneton,184 Chloe Ridges Suite 963,Idaho
72,Port Bruce,51259 Ochoa Grove Suite 143,Colorado
73,Port Margaret,3722 Hoover River Apt. 081,Delaware
74,North Daniel,2952 Miranda Pike,Washington
75,Lake Matthew,933 Brown Lake Suite 553,Kentucky
76,Lake Richard,177 Diana Lodge Apt. 973,West Virginia
77,West Michael,94845 Santos Course Suite 248,Delaware
78,New Josephshire,13321 Laura Plain,New Mexico
79,Karenhaven,6318 Virginia Trafficway,Mississippi
80,Markmouth,58406 Cook Lake,Louisiana
81,Bentonfort,2574 Christopher Prairie,Maryland
82,New Blake,054 Mosley Light,Wisconsin
83,Lake Mackenzieville,78788 Douglas Station,Kentucky
84,Lake Timothyborough,47874 Mcgee Plains Suite 183,Virginia
85,Williammouth,77785 James Courts Apt. 792,Alabama
86,Michelleberg,464 Richardson Mountain Suite 762,Virginia
87,Johnsonborough,057 Denise Hill Apt. 528,Louisiana
88,New Stephen,211 Bartlett Plains Suite 103,Minnesota
89,East Curtisstad,64432 Dennis Flats Apt. 107,California
90,Crawfordview,62735 Green Gardens Apt. 434,New York
91,East Christopher,0738 Jennifer Falls Apt. 708,Utah
92,Lake Todd,02593 Alexander Pine Apt. 154,Montana
93,Oliviaton,93475 Philip Oval Apt. 503,Iowa
94,West Lawrencebury,71230 Melanie Estate,Wyoming
95,West Melissa,997 Veronica Fields,Rhode Island
96,Morenostad,8451 Carney Port,Oregon
97,South Sarah,0158 Fletcher Drive,Michigan
98,New Fredericktown,74783 Hensley Circle,Connecticut
99,Jackietown,050 Booth Road Apt. 470,South Carolina
100,Jenningsborough,550 Walter Alley,West Virginia
